{
    "United States":[38.7945952,-106.5348379],
    "Canada":[56.1303660,-106.3467710],
    "United Kingdom":[55.3780510,-3.4359730],
    "Finland":[64.5987262,20.1719916],
    "Denmark":[55.8732655,7.6108303],
    "Israel":[31.1819967,34.8565849],
    "Austria":[47.7463526,11.8589521],
    "Algeria":[29.2678861,-5.2812003],
    "Argentina":[-38.295166,-81.4677217],
    "Australia":[-23.5166891,118.6556905],
    "Azerbaijan":[39.3311937,47.1502348],
    "Bangladesh":[23.4843824,87.702643],
    "Belarus":[52.7971306,25.9420901],
    "Bolivia":[-16.217583,-68.84758],
    "Botswana":[-22.2567883,19.3910878],
    "Brazil":[-12.8026986,-66.8756012],
    "Bulgaria":[42.6950873,22.9032026],
    "Chile":[-30.5850244,-85.7121602],
    "Czech Republic":[49.7737849,12.8357213],
    "Djibouti":[11.8125645,41.9678804],
    "Ecuador":[-1.4852965,-81.7607884],
    "Egypt":[26.8073872,25.582849],
    "Estonia":[58.6436145,22.2938981],
    "France":[46.2290332,-6.914449],
    "Germany":[51.0567727,5.17445],
    "Greece":[38.6991909,21.0813725],
    "Hungary":[47.1308311,16.8657477],
    "India":[21.5594594,74.5689012],
    "Indonesia":[-2.309171,105.4841691],
    "Iran":[34.0608917,45.8283325],
    "Iraq":[33.1089049,38.4236546],
    "Italy":[43.0337237,7.417635],
    "Japan":[36.8836906,133.8206794],
    "Kazakhstan":[46.9366231,50.613897],
    "Kenya":[0.1177679,34.1870169],
    "Kuwait":[29.3653225,47.0883508],
    "Laos":[19.538562,100.8982294],
    "Lithuania":[55.195301,22.5410759],
    "Luxembourg":[49.7850974,5.8174073],
    "Malaysia":[2.7845195,101.4751238],
    "Morocco":[31.3354408,-9.5418024],
    "Netherlands":[52.071111,4.7548342],
    "Nigeria":[8.9958831,3.377468],
    "New Zealand":[-41.92436,164.478776],
    "North Korea":[40.0016046,125.3441595],
    "Norway":[63.063814,-2.8631773],
    "Pakistan":[31.8106484,66.141526],
    "China":[34.0752978,88.6492813],
    "Peru":[-9.0860169,-85.7027275],
    "Philippines":[12.1392879,120.413297],
    "Portugal":[40.0875318,-11.715232],
    "Qatar":[25.3382275,50.2644784],
    "Republic of Rwanda":[-2.0560694,29.4516481],
    "Slovenia":[46.3839559,13.1924178],
    "Republic of Tunesia":[34.0155074,6.9201625],
    "Saudi Arabia":[26.0142366,38.7041861],
    "Singapore":[1.3139946,103.6794357],
    "Taiwan":[23.929005,119.6165703],
    "South Africa":[-26.2879286,11.3909622],
    "South Korea":[36.2228671,125.5229047],
    "Spain":[39.988454,-7.3732735],
    "Sweden":[64.602276,4.6898721],
    "Turkey":[39.2832077,33.011127],
    "United Arab Emirates":[23.9903157,52.4604785],
    "Uruguay":[-32.5928681,-58.4256277],
    "Venezuela":[6.890741,-68.4653204],
    "Vietnam":[13.3520279,108.3088334]

}